id,논리성,참신성,설득력,풍부함
1,4,4,3,4
2,1,2,1,1
3,3,3,2,2
4,4,3,3,4
5,3,3,3,3
6,2,2,1,2
7,3,3,3,2
8,3,3,3,4
9,3,2,2,2
10,3,2,3,3
11,3,3,3,2
12,3,3,3,3
13,4,3,3,4
14,3,2,2,2
15,2,2,1,1
16,3,3,3,3
17,2,3,2,4
18,2,3,2,4
19,2,2,2,2
20,2,2,2,3
21,2,2,2,3
22,2,2,2,2
23,3,3,3,2
24,2,3,2,2
25,3,4,3,4
26,4,4,4,4
27,4,3,4,2
28,0,1,1,0
29,3,2,3,3
30,4,3,4,3
31,4,4,4,4
32,3,3,3,3
33,1,3,3,1
34,4,4,4,3
35,4,3,3,3
36,4,3,3,4
37,4,3,4,3
38,3,3,3,3
39,3,3,2,3
40,3,3,3,2
41,3,3,3,3
42,3,3,3,4
43,3,3,3,4
44,3,4,4,4
45,3,3,4,3
46,4,3,3,2
47,4,3,4,4
48,3,3,3,3
49,3,3,3,4
50,3,3,4,3
51,3,4,3,3
52,3,3,2,2
53,3,3,3,3
54,3,3,3,2
55,4,3,3,4
56,3,4,3,5
57,4,3,3,5
58,2,2,2,1
59,2,2,2,2
60,3,3,3,3
61,2,2,2,1
62,2,2,2,2
63,3,2,3,3
64,4,3,4,4
65,3,3,3,3
66,2,3,2,2
67,3,3,3,2
68,3,3,3,3
69,2,3,2,2
70,3,3,2,2
71,3,2,3,4
72,3,3,3,3
73,2,2,2,2
74,3,3,3,3
75,3,4,3,3
76,3,2,3,3
77,3,3,3,3
78,3,3,3,3
79,3,3,3,3
80,3,2,3,1
81,3,3,3,3
82,3,3,3,3
83,4,2,4,3
84,2,3,3,3
85,3,2,3,3
86,3,3,4,3
87,3,3,3,3
88,2,2,2,2
89,1,1,1,1
90,4,3,4,3
91,3,2,3,2
92,4,3,4,4
93,3,2,3,3
94,2,2,2,2
95,4,4,4,5
96,5,4,5,5
97,4,3,3,5
98,4,4,4,4
99,3,2,2,3
100,3,4,4,5
101,3,3,3,3
102,2,2,3,4
103,3,3,3,3
104,2,2,3,3
105,2,2,3,3
106,3,3,3,3
107,4,4,4,4
108,2,2,2,2
109,1,1,1,1
110,1,2,2,2
111,3,3,3,3
112,3,4,3,3
113,3,3,3,3
114,1,1,1,2
115,1,1,1,1
116,1,2,2,2
117,3,3,2,3
118,1,2,1,1
119,1,1,2,1
120,3,3,2,3
121,2,3,3,2
122,3,3,3,3
123,2,2,3,2
124,2,2,2,2
125,3,2,3,3
126,2,2,3,2
127,4,4,3,4
128,2,3,3,2
129,4,3,4,3
130,3,3,3,3
131,2,3,3,2
132,3,3,3,3
133,2,3,3,2
134,3,3,4,3
135,2,3,3,2
136,3,3,3,4
137,4,3,3,4
138,3,4,3,3
139,3,3,3,2
140,2,3,3,3
141,1,2,2,1
142,4,4,3,3
143,3,3,3,2
144,3,4,3,3
145,3,4,3,3
146,2,3,4,2
147,3,4,4,3
148,4,4,4,5
149,4,4,3,3
150,3,3,3,3
151,3,4,3,3
152,5,4,4,4
153,3,3,4,3
154,2,3,3,2
155,3,3,3,3
156,3,4,4,3
157,3,3,4,3
158,2,3,3,2
159,3,4,4,3
160,3,3,3,3
161,3,4,3,3
162,2,3,3,2
163,3,3,4,3
164,3,3,3,3
165,3,4,3,2
166,3,3,3,3
167,3,4,4,3
168,4,4,3,3
169,2,3,2,2
170,1,2,2,1
171,2,3,3,2
172,3,3,3,2
173,4,3,4,4
174,2,3,3,3
175,3,4,4,3
176,4,3,3,4
177,2,3,3,2
178,2,3,3,3
179,3,4,3,3
180,4,3,4,4
181,3,2,2,2
182,2,1,1,2
183,3,3,2,4
184,3,3,3,3
185,3,4,4,3
186,3,4,4,3
187,2,3,3,2
188,2,4,3,2
189,4,4,4,3
190,2,3,3,2
191,3,3,4,3
192,3,3,3,3
193,3,3,3,3
194,3,5,5,4
195,4,4,5,4
196,4,3,3,4
197,2,3,3,2
198,3,4,4,4
199,4,4,3,4
200,2,1,1,2
201,3,4,4,2
202,3,4,4,2
203,4,3,3,4
204,5,4,3,4
205,2,2,2,2
206,3,3,3,3
207,3,3,3,3
208,4,4,3,3
209,2,2,2,3
210,3,3,3,3
211,4,3,3,3
212,5,4,4,5
213,4,3,3,3
214,4,4,4,5
215,3,2,3,2
216,3,3,3,3
217,3,3,3,4
218,4,3,3,3
219,3,4,3,4
220,3,3,3,3
221,2,2,2,2
222,3,4,3,3
223,4,4,4,4
224,3,4,3,3
225,4,4,4,4
226,4,3,4,4
227,3,3,3,3
228,3,3,3,2
229,4,3,3,3
230,3,3,3,2
231,3,3,4,3
232,3,1,3,2
233,3,2,2,3
234,4,3,3,3
235,4,3,3,5
236,3,3,3,4
237,4,4,3,5
238,3,2,2,2
239,3,3,3,4
240,4,4,4,4
241,3,4,3,3
242,4,4,4,5
243,3,2,3,3
244,3,3,3,4
245,2,2,1,2
246,3,2,3,2
247,4,3,3,3
248,4,3,3,3
249,4,3,3,3
250,3,3,3,3
251,4,3,3,4
252,2,1,2,2
253,2,2,3,2
254,3,3,3,4
255,3,2,2,2
256,3,3,3,3
257,3,3,3,3
258,4,3,4,4
259,4,4,2,4
260,1,1,2,1
261,3,3,3,2
262,4,4,4,4
263,2,2,2,2
264,1,0,1,0
265,4,3,4,3
266,4,4,4,4
267,2,2,2,2
268,1,0,0,1
269,2,2,2,2
270,3,3,2,4
271,3,3,2,3
272,3,4,3,4
273,2,2,2,2
274,3,3,3,3
275,3,3,3,3
276,3,3,3,4
277,4,4,4,4
278,3,3,3,3
279,3,3,3,2
280,1,1,1,1
281,3,3,3,3
282,2,1,2,1
283,3,3,3,3
284,4,3,3,4
285,3,4,3,3
286,4,3,4,4
287,4,2,3,2
288,4,3,4,4
289,4,4,4,5
290,3,2,2,3
291,3,2,2,3
292,4,2,3,3
293,3,3,3,3
294,3,3,3,4
295,2,1,1,2
296,4,2,3,4
297,3,3,3,3
298,2,2,2,2
299,3,3,3,3
300,4,4,4,4
301,3,2,3,4
302,3,3,4,4
303,2,2,2,2
304,3,4,4,4
305,4,4,4,5
306,4,3,4,3
307,3,3,3,3
308,3,2,3,2
309,2,2,2,3
310,3,4,4,4
311,3,3,3,3
312,4,2,3,2
313,2,3,2,3
314,5,4,4,5
315,4,4,4,4
316,2,3,3,3
317,3,3,3,3
318,2,2,2,2
319,3,3,4,4
320,3,2,3,2
321,4,3,4,5
322,4,4,4,4
323,4,4,3,4
324,3,3,3,3
325,3,4,4,3
326,2,3,3,3
327,3,3,3,3
328,3,2,3,3
329,3,3,4,4
330,4,4,4,3
331,3,3,3,3
332,3,3,3,3
333,3,4,4,5
334,4,4,4,4
335,3,3,3,4
336,2,2,2,2
337,3,3,3,3
338,3,3,3,3
339,4,4,3,4
340,3,4,3,3
341,2,3,3,3
342,2,2,2,2
343,3,3,3,3
344,4,3,4,4
345,2,2,2,2
346,4,3,4,4
347,2,2,2,2
348,4,3,3,4
349,3,3,3,3
350,3,3,3,3
351,4,2,4,3
352,2,2,2,2
353,2,3,3,3
354,3,4,3,4
355,2,2,2,2
356,2,2,2,2
357,3,3,3,4
358,3,3,3,3
359,2,2,2,2
360,3,4,3,3
361,3,2,2,2
362,4,3,4,3
363,4,3,4,4
364,3,3,3,3
365,4,4,4,4
366,5,4,4,5
367,4,4,4,4
368,3,3,3,3
369,2,2,2,2
370,3,3,3,3
371,2,2,3,2
372,2,2,3,3
373,3,2,2,2
374,3,3,3,3
375,1,1,1,1
376,3,3,3,3
377,2,2,2,2
378,3,3,3,3
379,2,2,2,3
380,3,4,3,4
381,4,3,4,3
382,1,2,2,2
383,2,2,2,3
384,4,4,4,4
385,3,3,3,3
386,3,3,3,3
387,3,3,3,3
388,3,3,3,3
389,3,3,2,3
390,4,4,4,4
391,3,3,3,3
392,3,3,3,3
393,4,4,4,4
394,3,2,2,2
395,3,3,3,3
396,2,3,2,2
397,3,3,3,3
398,3,3,3,3
399,4,3,4,3
400,3,3,3,3
401,2,2,3,2
402,2,2,2,3
403,3,2,3,3
404,3,3,3,3
405,3,3,2,2
406,3,3,3,4
407,4,4,4,4
408,4,3,4,4
409,4,4,4,4
410,3,3,3,3
411,2,2,2,2
412,3,2,2,3
413,3,4,3,3
414,4,4,3,4
415,3,3,2,3
416,3,2,2,3
417,4,3,3,3
418,2,2,2,2
419,3,3,3,3
420,3,3,4,4
421,4,4,4,5
422,4,4,4,4
423,4,4,4,4
424,3,3,3,3
425,3,4,4,3
426,4,3,3,4
427,2,2,3,3
428,4,4,4,4
429,4,4,3,4
430,4,3,3,3
431,3,3,3,3
432,4,4,4,5
433,2,2,2,3
434,3,3,3,3
435,3,4,4,4
436,3,2,3,2
437,3,3,3,3
438,3,2,3,3
439,3,3,3,3
440,4,3,3,4
441,4,4,4,5
442,2,3,3,3
443,4,3,4,4
444,3,4,4,3
445,3,2,2,2
446,1,1,1,1
447,4,3,4,4
448,3,3,3,3
449,0,0,0,0
450,2,2,3,3
451,3,4,3,4
452,1,2,2,3
453,3,2,3,3
454,3,2,3,3
455,2,3,2,3
456,3,3,3,3
457,2,2,2,1
458,2,2,2,2
459,3,3,3,3
460,1,1,2,1
461,3,3,2,3
462,2,2,2,2
463,3,3,3,4
464,3,3,3,3
465,3,3,3,3
466,3,4,4,4
467,3,3,3,3
468,3,3,3,3
469,3,4,3,4
470,4,4,3,5
471,3,3,3,3
472,3,3,3,3
473,4,4,4,4
474,4,3,3,3
475,3,3,3,3
476,3,2,4,3
477,2,1,1,1
478,2,2,2,2
479,3,3,3,3
480,3,3,3,3
481,4,4,3,3
482,3,3,3,3
483,4,4,4,4
484,2,2,2,2
485,3,3,3,3
486,2,2,2,2
487,4,4,4,4
488,2,2,2,2
489,3,3,3,3
490,4,4,4,4
491,5,4,4,5
492,4,4,4,4
493,4,4,4,4
494,3,3,3,3
495,2,2,2,2
496,0,0,0,0
497,4,3,4,4
498,2,2,3,2
499,3,3,3,3
500,4,3,4,3
501,3,2,4,4
502,1,1,1,2
503,2,2,2,2
504,3,3,3,3
505,3,3,3,3
506,4,4,4,4
507,3,2,3,3
508,3,4,4,4
509,1,1,1,1
510,4,4,4,4
511,3,3,3,3
512,2,2,2,2
513,3,3,3,3
514,1,1,2,1
515,4,4,4,4
516,0,0,0,0
517,2,2,2,2
518,3,4,3,3
519,3,4,3,3
520,3,3,3,3
521,4,2,4,3
522,2,3,2,3
523,2,2,2,2
524,3,3,3,3
525,2,3,2,3
526,2,2,2,2
527,3,3,3,3
528,3,2,3,2
529,3,3,3,3
530,3,4,3,3
531,2,3,2,3
532,4,5,4,4
533,3,3,2,2
534,3,3,3,3
535,4,3,3,3
536,3,3,3,3
537,3,4,3,3
538,3,3,3,3
539,4,3,4,4
540,1,1,2,1
541,3,4,3,3
542,3,4,3,3
543,4,4,4,4
544,4,4,3,3
545,3,3,3,3
546,3,3,3,4
547,4,4,3,3
548,3,3,3,3
549,2,2,2,2
550,3,3,4,3
551,4,3,3,4
552,3,4,3,3
553,4,4,3,3
554,4,4,4,4
555,2,2,2,2
556,3,3,3,3
557,3,3,3,3
558,3,3,3,3
559,2,2,2,2
560,4,3,4,4
561,3,3,3,3
562,4,4,4,4
563,3,3,3,3
564,3,4,3,3
565,3,4,3,3
566,2,2,2,2
567,3,4,4,3
568,4,4,4,4
569,4,5,4,4
570,3,4,4,3
571,3,3,3,3
572,3,4,3,3
573,4,3,3,3
574,4,3,4,4
575,3,3,3,3
576,2,3,3,2
577,2,2,3,3
578,4,4,4,4
579,1,0,1,0
580,2,2,2,2
581,3,2,3,2
582,3,3,3,4
583,3,3,3,3
584,3,2,2,2
585,3,2,2,2
586,3,3,3,3
587,4,4,3,4
588,3,3,3,3
589,4,3,4,3
590,3,4,3,3
591,4,3,4,3
592,3,3,3,3
593,4,4,4,4
594,4,4,3,3
595,2,2,2,2
596,3,3,3,3
597,3,3,3,3
598,4,4,4,4
599,2,2,2,2
600,4,4,4,4
601,4,3,3,4
602,3,4,3,4
603,2,2,2,2
604,2,2,3,3
605,2,2,2,2
606,2,2,2,2
607,2,2,2,1
608,3,3,3,3
609,3,3,3,3
610,2,2,2,2
611,1,2,2,1
612,2,3,2,3
613,2,2,3,3
614,3,3,3,3
615,2,2,2,3
616,3,3,3,3
617,4,2,4,5
618,3,3,3,3
619,4,3,3,4
620,2,1,1,1
621,3,2,3,2
622,3,2,4,3
623,4,2,4,3
624,3,3,4,4
625,2,2,2,2
626,1,1,2,2
627,3,1,2,2
628,3,3,3,4
629,3,2,3,3
630,4,4,4,4
631,3,2,3,3
632,4,4,4,4
633,3,2,3,2
634,2,1,2,2
635,3,2,3,2
636,4,3,4,3
637,4,2,4,3
638,3,2,3,3
639,3,2,3,2
640,3,2,2,2
641,3,2,3,3
642,3,3,3,3
643,4,2,4,4
644,2,2,2,2
645,4,3,4,4
646,2,1,2,1
647,3,2,2,2
648,2,2,2,2
649,4,3,4,4
650,4,2,3,3
651,4,3,5,4
652,3,2,3,3
653,3,2,2,2
654,2,2,2,2
655,2,1,2,2
656,2,2,2,2
657,2,1,2,2
658,3,2,3,3
659,3,3,4,4
660,3,3,3,4
661,4,3,3,2
662,3,2,3,2
663,4,4,5,5
664,2,1,1,2
665,3,3,3,4
666,2,1,1,1
667,3,3,2,2
668,4,3,3,3
669,4,3,4,4
670,4,2,3,3
671,4,5,4,2
672,4,3,3,3
673,4,2,3,3
674,4,3,4,3
675,3,4,4,4
676,4,4,4,5
677,4,3,4,3
678,3,2,2,3
679,1,1,1,1
680,3,2,3,3
681,3,4,3,4
682,3,1,2,1
683,2,2,3,2
684,3,4,4,4
685,3,3,4,4
686,2,1,1,2
687,3,3,3,3
688,2,3,2,3
689,3,2,3,2
690,3,2,3,2
691,3,3,3,3
692,3,3,2,3
693,1,1,1,1
694,3,3,3,3
695,4,3,3,3
696,3,2,3,2
697,3,4,3,3
698,3,2,4,3
699,4,4,4,4
700,4,4,4,4
701,3,2,4,3
702,4,3,3,3
703,2,2,3,2
704,2,2,4,3
705,3,3,4,3
706,4,3,4,4
707,3,3,3,2
708,2,2,1,2
709,3,2,3,3
710,4,4,4,5
711,3,3,3,3
712,4,3,4,4
713,3,3,3,3
714,4,3,3,3
715,4,2,4,3
716,3,2,3,3
717,3,3,3,3
718,3,2,2,2
719,3,3,3,3
720,4,4,4,5
721,4,3,4,4
722,1,1,1,1
723,4,3,4,3
724,3,2,4,3
725,3,3,3,2
726,3,2,2,3
727,2,3,2,2
728,2,2,2,3
729,2,2,2,2
730,2,2,3,3
731,3,3,3,3
732,2,2,3,3
733,3,2,3,2
734,3,2,3,2
735,3,1,3,3
736,4,2,4,4
737,1,1,2,1
738,3,2,3,2
739,3,3,3,3
740,3,3,3,3
741,4,3,4,4
742,3,2,3,4
743,2,2,2,2
744,3,3,3,2
745,4,3,4,4
746,4,4,4,4
747,2,2,1,2
748,1,2,2,2
749,3,3,3,2
750,3,2,2,2
751,4,3,3,3
752,3,3,3,2
753,3,3,3,2
754,1,1,2,2
755,3,2,3,3
756,2,2,2,2
757,1,1,1,1
758,4,2,3,3
759,4,4,3,4
760,3,3,3,3
761,3,2,3,2
762,3,1,2,2
763,4,4,4,4
764,1,1,1,1
765,2,3,3,3
766,3,2,3,2
767,3,2,3,2
768,1,1,2,1
769,3,4,4,4
770,2,2,3,2
771,4,3,4,3
772,3,3,3,2
773,3,2,3,2
774,4,4,4,5
775,3,4,4,3
776,3,3,3,2
777,4,4,4,4
778,4,4,4,4
779,3,3,4,4
780,3,3,3,3
781,3,3,3,2
782,2,2,2,2
783,3,3,3,3
784,3,4,4,4
785,2,2,2,2
786,4,4,4,5
787,3,3,3,4
788,3,3,3,4
789,2,1,2,1
790,3,4,4,2
791,4,4,4,4
792,3,2,3,2
793,2,3,3,3
794,4,4,3,3
795,3,3,3,2
796,2,3,3,2
797,3,3,3,3
798,3,3,3,3
799,3,2,3,3
800,2,3,4,3
801,3,3,3,2
802,2,1,2,2
803,4,2,4,3
804,2,2,3,3
805,2,2,3,3
806,3,3,3,2
807,4,4,4,4
808,1,1,2,2
809,2,2,3,2
810,3,2,3,3
811,3,3,4,3
812,2,1,3,3
813,2,2,3,2
814,3,3,4,4
815,2,2,3,2
816,4,3,4,4
817,3,2,3,3
818,3,3,3,3
819,4,3,3,3
820,4,3,4,4
821,4,3,4,3
822,3,2,3,2
823,3,2,3,3
824,2,2,2,1
825,3,2,3,2
826,4,2,4,4
827,2,1,2,1
828,4,3,4,4
829,3,2,3,2
830,3,2,3,3
831,3,3,3,2
832,3,3,4,4
833,2,2,3,2
834,3,2,2,3
835,3,3,3,3
836,3,2,3,3
837,3,2,3,2
838,3,2,3,3
839,4,2,3,3
840,2,2,2,2
841,3,2,3,3
842,4,4,4,4
843,2,3,3,3
844,3,3,3,2
845,3,2,3,3
846,1,1,2,2
847,3,4,3,3
848,2,4,3,2
849,4,5,4,4
850,3,2,4,4
851,3,4,3,2
852,4,3,3,3
853,3,3,4,3
854,4,3,3,3
855,3,3,4,3
856,3,4,4,4
857,2,2,3,3
858,3,3,3,3
859,4,3,3,4
860,3,3,3,2
861,3,3,3,2
862,4,4,2,3
863,4,4,4,4
864,4,2,3,3
865,3,4,3,3
866,3,4,3,3
867,2,4,4,3
868,2,1,2,1
869,3,4,4,3
870,4,4,4,4
871,2,2,4,3
872,2,1,3,1
873,3,3,3,2
874,3,2,3,2
875,2,2,2,2
876,3,2,3,2
877,3,2,2,2
878,4,3,3,2
879,2,4,3,4
880,3,3,4,3
881,3,3,3,4
882,2,3,3,3
883,2,2,1,2
884,4,4,3,3
885,4,3,3,3
886,3,3,3,3
887,3,3,3,3
888,3,3,4,3
889,3,1,3,2
890,3,1,3,2
891,4,4,4,4
892,3,2,4,4
893,3,2,3,2
894,3,2,2,3
895,2,3,3,2
896,4,3,4,5
897,3,2,3,2
898,4,3,4,4
899,4,3,4,4
900,3,1,3,3
901,2,2,3,2
902,1,2,1,1
903,1,1,1,1
904,4,4,4,4
905,1,1,1,1
906,1,1,1,1
907,3,2,3,3
908,3,4,4,4
909,3,3,3,4
910,2,1,4,3
911,3,3,4,4
912,1,3,2,4
913,5,2,4,2
914,2,2,2,2
915,4,4,3,4
916,2,3,2,2
917,3,2,3,3
918,3,2,3,3
919,3,3,4,4
920,3,2,4,3
921,3,3,4,3
922,2,2,3,3
923,3,2,3,3
924,3,3,3,2
925,3,3,3,3
926,0,1,1,0
927,2,3,3,3
928,3,2,2,2
929,4,3,3,3
930,3,2,3,3
931,3,3,4,3
932,3,2,3,2
933,3,2,3,3
934,2,3,3,3
935,4,3,4,3
936,3,3,3,2
937,3,3,3,2
938,4,3,4,3
939,3,3,3,3
940,3,2,4,2
941,4,3,4,3
942,4,4,5,3
943,4,4,4,4
944,0,2,3,1
945,3,2,3,3
946,4,3,3,4
947,4,4,4,3
948,4,4,5,4
949,3,2,3,3
950,2,2,3,3
951,3,2,4,3
952,3,2,3,2
953,3,3,4,4
954,2,3,3,3
955,4,4,4,4
956,2,2,3,2
957,3,3,3,4
958,3,2,3,3
959,2,2,2,2
960,3,3,3,3
961,2,3,3,3
962,3,3,3,3
963,3,3,3,3
964,3,2,3,3
965,2,3,3,3
966,2,3,3,3
967,3,3,3,3
968,2,3,3,3
969,3,2,3,2
970,3,4,3,3
971,2,2,2,2
972,3,3,3,3
973,1,2,2,2
974,4,3,4,4
975,2,2,2,1
976,3,3,3,2
977,3,2,3,3
978,3,3,3,3
979,2,3,4,4
980,1,2,2,2
981,3,2,3,3
982,2,2,3,3
983,3,3,3,3
984,3,3,3,3
985,3,3,3,3
986,3,3,3,3
987,1,2,2,1
988,3,3,3,3
989,1,2,2,1
990,2,2,2,2
991,3,2,2,3
992,3,3,3,3
993,3,3,3,2
994,3,3,3,4
995,2,3,3,3
996,2,2,2,2
997,1,1,1,0
998,1,2,3,1
999,1,2,3,2
1000,3,3,3,3
1001,3,3,3,2
1002,3,1,3,2
1003,2,3,3,2
1004,2,3,3,3
1005,3,2,3,2
1006,3,4,4,3
1007,3,3,3,3
1008,1,1,2,2
1009,3,2,3,3
1010,3,2,2,2
1011,3,2,3,2
1012,2,2,3,2
1013,2,3,3,3
1014,3,3,3,2
1015,3,3,3,2
1016,3,3,3,3
1017,3,2,3,2
1018,3,3,3,2
1019,1,2,3,3
1020,1,1,2,1
1021,2,2,3,2
1022,2,2,3,3
1023,2,2,2,2
1024,3,3,3,3
1025,4,3,3,2
1026,2,2,3,2
1027,1,1,2,1
1028,3,3,3,3
1029,2,1,3,2
1030,2,2,3,2
1031,1,0,1,0
1032,0,1,1,0
1033,3,3,3,3
1034,2,2,3,2
1035,2,2,3,2
1036,3,2,3,2
1037,3,3,3,3
1038,4,3,3,3
1039,2,3,3,3
1040,3,2,3,2
1041,4,4,3,3
1042,3,2,3,2
1043,3,2,2,2
1044,3,2,3,2
1045,3,2,3,4
1046,2,2,3,2
1047,1,1,1,1
1048,3,2,4,2
1049,2,3,4,3
1050,1,1,3,1
1051,3,2,3,3
1052,3,3,3,3
1053,2,2,3,2
1054,2,2,2,2
1055,3,3,2,2
1056,2,2,3,3
1057,2,2,3,1
1058,3,3,3,2
1059,3,3,3,3
1060,3,3,3,2
1061,3,3,3,3
1062,3,2,3,3
1063,3,4,3,3
1064,3,3,3,3
1065,2,3,2,3
1066,3,2,2,2
1067,3,2,4,4
1068,2,2,2,2
1069,3,3,3,3
1070,2,2,2,2
1071,2,1,2,2
1072,2,2,3,3
1073,3,2,3,3
1074,3,3,3,2
1075,2,2,3,3
1076,3,2,3,3
1077,2,2,2,2
1078,3,2,3,3
1079,3,3,3,3
1080,3,2,3,3
1081,3,2,3,3
1082,3,2,3,3
1083,4,3,4,4
1084,4,3,4,4
1085,3,2,3,3
1086,3,2,2,3
1087,3,2,2,2
1088,1,1,1,1
1089,3,2,2,3
1090,2,2,3,3
1091,2,2,2,2
1092,3,2,3,3
1093,3,3,3,3
1094,3,2,3,2
1095,3,2,4,3
1096,3,3,4,3
1097,4,2,3,3
1098,2,2,2,3
1099,3,2,3,2
1100,2,2,2,2
1101,4,2,4,3
1102,2,2,3,3
1103,2,2,3,3
1104,3,2,4,3
1105,3,2,3,3
1106,3,3,4,3
1107,3,2,3,3
1108,2,1,2,2
1109,3,2,3,3
1110,3,2,3,2
1111,3,3,4,4
1112,3,3,3,3
1113,3,3,3,3
1114,2,2,2,2
1115,2,2,3,3
1116,3,3,3,3
1117,3,2,3,3
1118,3,2,3,3
1119,3,3,3,3
1120,3,2,2,3
1121,2,1,1,2
1122,3,3,4,3
1123,3,1,2,2
1124,3,3,3,4
1125,2,2,3,3
1126,3,3,3,2
1127,2,2,2,2
1128,3,2,2,2
1129,3,3,3,3
1130,3,3,3,3
1131,3,3,4,3
1132,3,2,3,3
1133,2,2,2,2
1134,4,3,4,3
1135,1,1,1,1
1136,2,2,2,2
1137,3,2,3,3
1138,1,1,1,0
1139,2,2,3,2
1140,2,2,3,3
1141,2,1,2,2
1142,2,2,2,2
1143,2,2,2,2
1144,2,2,2,2
1145,2,2,2,1
1146,3,2,3,2
1147,2,1,1,2
1148,3,3,3,3
1149,3,3,4,3
1150,3,3,3,3
1151,3,3,4,3
1152,3,3,3,3
1153,4,3,4,4
1154,3,3,3,3
1155,3,2,2,2
1156,3,3,3,3
1157,3,2,3,3
1158,3,2,2,3
1159,2,1,1,1
1160,3,3,3,2
1161,3,3,3,4
1162,3,3,3,4
1163,2,1,2,2
1164,4,3,3,3
1165,3,3,3,3
1166,3,2,2,3
1167,3,2,3,4
1168,4,3,4,4
1169,3,2,3,3
1170,3,2,3,2
1171,3,2,3,3
1172,2,2,3,3
1173,3,2,3,3
1174,3,1,2,2
1175,2,2,3,3
1176,3,2,3,3
1177,3,3,3,3
1178,3,2,3,3
1179,3,3,3,2
1180,3,2,4,3
1181,4,3,4,4
1182,2,2,2,2
1183,4,2,4,3
1184,2,2,3,3
1185,3,2,4,4
1186,2,1,2,2
1187,3,3,2,3
1188,4,3,4,4
1189,3,2,3,3
1190,2,1,3,2
1191,3,2,3,2
1192,3,2,3,3
1193,3,2,2,2
1194,4,3,3,3
1195,4,2,3,3
1196,3,2,3,3
1197,4,2,4,4
1198,2,2,2,3
1199,4,3,5,4
1200,3,3,4,3
1201,2,1,2,3
1202,3,1,3,2
1203,4,3,4,3
1204,1,0,1,1
1205,3,2,2,3
1206,3,3,3,3
1207,3,3,3,3
1208,5,3,5,4
1209,2,2,2,3
1210,1,2,2,2
1211,4,3,4,3
1212,4,2,3,2
1213,4,3,4,3
1214,2,2,2,1
1215,3,2,2,3
1216,2,3,3,3
1217,4,3,4,3
1218,4,3,4,4
1219,4,4,4,4
1220,3,3,4,4
1221,4,3,3,4
1222,3,3,4,3
1223,1,1,1,1
1224,3,2,3,3
1225,4,3,4,4
1226,3,3,3,3
1227,2,3,2,2
1228,3,3,3,4
1229,2,1,2,2
1230,3,3,3,4
1231,3,3,4,3
1232,3,2,3,3
1233,1,1,1,1
1234,2,1,2,2
1235,3,2,3,3
1236,3,3,3,3
1237,3,3,3,3
1238,2,2,2,2
1239,2,2,2,2
1240,4,3,3,4
1241,3,2,3,3
1242,4,4,4,4
1243,2,2,3,2
1244,3,2,2,2
1245,4,3,4,3
1246,3,2,3,3
1247,3,3,3,4
1248,3,3,3,3
1249,4,3,4,3
1250,3,3,3,3
1251,3,3,4,3
1252,3,3,4,3
1253,4,3,4,4
1254,2,3,2,2
1255,3,3,3,3
1256,2,2,1,2
1257,2,3,2,3
1258,2,3,2,2
1259,1,1,1,1
1260,3,2,3,2
1261,3,2,3,3
1262,3,3,3,3
1263,3,2,2,2
1264,3,2,3,3
1265,3,4,3,3
1266,3,3,3,4
1267,3,3,4,3
1268,2,3,2,2
1269,3,4,4,4
1270,3,2,3,3
1271,3,2,3,3
1272,3,3,3,3
1273,4,3,4,3
1274,3,3,3,3
1275,4,3,4,4
1276,1,2,2,3
1277,3,3,4,4
1278,3,2,3,2
1279,4,3,3,2
1280,3,3,4,3
1281,2,2,2,3
1282,2,3,3,3
1283,3,2,3,4
1284,3,3,4,3
1285,4,3,3,3
1286,3,2,2,2
1287,3,2,2,2
1288,2,2,2,2
1289,4,3,4,3
1290,3,3,4,3
1291,1,2,2,3
1292,3,2,3,3
1293,2,2,2,3
1294,4,3,3,3
1295,4,3,4,4
1296,3,3,3,4
1297,3,2,3,3
1298,4,3,4,4
1299,3,4,4,4
1300,3,3,4,3
1301,3,2,3,3
1302,3,3,3,3
1303,2,2,2,4
1304,3,4,3,4
1305,2,2,2,2
1306,4,3,4,4
1307,1,1,1,1
1308,3,2,3,3
1309,3,3,3,3
1310,3,3,3,3
1311,3,2,3,3
1312,3,3,3,3
1313,4,4,4,5
1314,3,3,3,3
1315,1,1,1,1
1316,4,3,4,4
1317,4,3,4,4
1318,3,3,2,2
1319,4,3,4,4
1320,3,3,3,2
1321,3,2,3,3
1322,3,3,3,3
1323,5,4,3,4
1324,3,3,3,4
1325,2,3,2,2
1326,4,3,4,4
1327,3,3,3,3
1328,3,3,3,3
1329,4,3,3,4
1330,3,2,3,2
1331,4,4,4,4
1332,1,1,1,1
1333,1,1,1,1
1334,2,2,2,2
1335,4,3,4,3
1336,4,3,3,3
1337,1,2,3,2
1338,3,3,4,2
1339,3,3,3,3
1340,3,2,1,2
1341,3,3,3,4
1342,2,2,2,1
1343,1,3,2,2
1344,3,3,4,3
1345,3,2,2,2
1346,3,3,4,3
1347,2,2,2,3
1348,4,3,3,3
1349,3,3,3,3
1350,2,2,2,3
1351,4,3,3,4
1352,3,3,4,4
1353,3,3,3,3
1354,3,2,2,3
1355,3,3,3,4
1356,2,3,2,2
1357,3,2,2,3
1358,2,2,1,2
1359,4,3,3,4
1360,4,4,4,4
1361,3,3,3,3
1362,2,2,2,2
1363,2,2,2,2
1364,3,2,3,2
1365,3,3,3,3
1366,1,1,1,1
1367,3,3,4,4
1368,4,3,3,4
1369,3,3,3,3
1370,2,2,3,2
1371,3,3,3,4
1372,3,3,3,3
1373,4,4,4,4
1374,4,5,5,5
1375,4,3,4,4
1376,1,1,1,1
1377,3,2,4,4
1378,5,4,5,5
1379,1,2,1,2
1380,3,2,2,2
1381,3,3,4,3
1382,3,3,4,4
1383,3,3,3,2
1384,2,3,3,4
1385,1,1,2,1
1386,5,5,4,4
1387,1,1,1,3
1388,3,2,4,4
1389,4,3,3,3
1390,3,4,4,4
1391,3,2,3,3
1392,1,1,1,1
1393,4,3,4,5
1394,4,3,4,5
1395,4,4,4,4
1396,4,3,3,4
1397,1,1,1,1
1398,4,2,3,4
1399,3,3,3,4
1400,2,3,3,3
1401,3,2,3,4
1402,3,2,4,4
1403,2,3,3,2
1404,3,2,3,3
1405,1,1,1,1
1406,3,1,2,3
1407,4,3,4,3
1408,4,3,3,4
1409,2,2,3,3
1410,3,1,4,2
1411,3,3,3,4
1412,4,2,3,3
1413,4,3,4,3
1414,4,4,4,4
1415,5,4,5,5
1416,4,3,4,3
1417,3,3,4,3
1418,4,3,4,4
1419,3,2,4,3
1420,3,2,4,3
1421,4,3,3,4
1422,2,2,2,3
1423,3,3,4,3
1424,4,4,4,4
1425,3,3,3,3
1426,4,3,4,4
1427,3,2,3,3
1428,3,2,4,4
1429,3,4,4,3
1430,3,2,3,3
1431,3,2,2,3
1432,4,3,3,3
1433,4,3,4,4
1434,4,4,3,4
1435,4,3,4,4
1436,3,2,4,4
1437,4,3,4,4
1438,4,3,4,4
1439,4,3,4,4
1440,4,3,4,5
1441,4,3,4,4
1442,4,4,4,5
1443,4,4,5,5
1444,4,4,4,4
1445,4,3,4,3
1446,3,2,2,3
1447,1,1,1,1
1448,3,2,3,3
1449,4,2,3,3
1450,3,3,3,2
1451,3,3,4,3
1452,3,2,3,3
1453,4,3,4,4
1454,1,2,2,2
1455,1,1,2,1
1456,4,3,4,4
1457,3,3,3,3
1458,4,3,4,4
1459,3,3,3,3
1460,2,2,1,2
1461,1,1,1,1
1462,3,3,3,3
1463,3,1,3,2
1464,2,2,2,3
1465,3,3,3,3
1466,4,2,3,3
1467,4,4,4,3
1468,3,2,3,3
1469,2,2,2,3
1470,3,3,3,4
1471,4,4,4,4
1472,3,2,4,3
1473,2,2,2,2
1474,3,2,3,3
1475,4,3,4,3
1476,4,3,4,3
1477,0,0,0,0
1478,4,3,4,4
1479,4,3,3,3
1480,4,3,3,4
1481,4,4,4,4
1482,4,3,4,4
1483,3,2,4,4
1484,3,2,4,4
1485,4,3,4,4
1486,4,3,3,4
1487,1,1,1,1
1488,3,3,3,3
1489,3,2,3,2
1490,3,1,3,3
1491,4,2,3,3
1492,4,3,4,4
1493,1,2,2,3
1494,3,2,4,3
1495,3,2,2,3
1496,3,2,3,3
1497,2,3,2,2
1498,2,1,2,2
1499,3,3,3,3
1500,3,3,3,3
1501,3,3,3,2
1502,4,2,3,3
1503,4,3,3,4
1504,2,2,3,3
1505,1,1,1,1
1506,3,3,3,3
1507,4,3,4,3
1508,2,3,2,3
1509,4,3,4,3
1510,3,3,2,3
1511,2,2,3,3
1512,3,3,2,3
1513,2,3,2,3
1514,4,2,4,3
1515,3,3,3,3
1516,4,3,3,4
1517,3,3,3,3
1518,3,3,4,3
1519,3,2,3,3
1520,4,3,4,4
1521,3,2,2,4
1522,4,2,3,4
1523,1,1,1,2
1524,2,3,2,3
1525,3,2,3,3
1526,5,4,5,4
1527,3,2,3,2
1528,4,3,3,3
1529,3,2,3,3
1530,1,1,2,1
1531,4,3,4,4
1532,1,1,1,1
1533,3,3,3,3
1534,3,3,3,3
1535,3,3,4,3
1536,4,2,3,2
1537,3,3,4,4
1538,2,1,2,3
1539,4,3,3,3
1540,3,2,2,3
1541,3,2,3,3
1542,4,2,4,3
1543,3,2,4,3
1544,4,4,4,3
1545,2,2,2,3
1546,3,3,4,4
1547,3,3,3,3
1548,2,3,2,2
1549,3,3,3,3
1550,4,3,4,4
1551,4,3,4,4
1552,3,4,3,4
1553,3,3,3,4
1554,3,2,3,3
1555,4,3,3,4
1556,3,4,4,4
1557,4,3,4,4
1558,3,2,3,4
1559,2,2,3,3
1560,4,2,4,4
1561,4,3,4,4
1562,4,3,4,4
1563,4,3,4,4
1564,4,3,5,4
1565,4,3,5,5
1566,3,3,4,5
1567,3,2,3,3
1568,3,3,4,4
1569,4,4,4,4
1570,1,1,1,1
1571,3,3,2,3
1572,4,3,3,4
1573,2,2,2,2
1574,3,2,3,3
1575,3,3,3,3
1576,4,3,4,4
1577,3,3,3,3
1578,2,1,2,2
1579,3,3,4,3
1580,2,3,3,3
1581,3,3,3,3
1582,4,4,4,4
1583,0,0,0,0
1584,2,2,2,2
1585,4,4,4,4
1586,3,3,3,3
1587,4,4,4,4
1588,4,3,3,3
1589,3,3,3,3
1590,4,3,3,4
1591,4,3,4,4
1592,3,3,3,3
1593,3,3,3,3
1594,3,3,3,4
1595,1,2,1,1
1596,2,2,3,3
1597,4,4,4,4
1598,4,3,3,4
1599,4,3,4,4
1600,4,4,4,5
1601,3,3,3,3
1602,4,3,4,4
1603,1,1,1,1
1604,4,3,3,3
1605,3,3,3,3
1606,3,3,3,4
1607,3,3,3,3
1608,3,3,3,3
1609,3,2,3,3
1610,2,2,3,2
1611,4,4,4,4
1612,2,3,2,3
1613,1,1,1,1
1614,4,3,3,4
1615,3,3,3,3
1616,2,3,3,3
1617,3,3,3,4
1618,3,2,3,3
1619,2,2,3,2
1620,2,3,2,3
1621,3,2,2,2
1622,2,2,2,2
1623,3,3,3,3
1624,4,4,3,4
1625,3,2,3,3
1626,2,2,2,2
1627,2,3,3,3
1628,2,2,3,2
1629,2,3,2,3
1630,2,2,2,2
1631,3,2,2,2
1632,3,2,3,2
1633,2,1,2,1
1634,2,3,3,2
1635,3,3,2,3
1636,3,3,2,4
1637,2,3,2,3
1638,3,2,2,2
1639,2,4,4,3
1640,3,3,4,3
1641,2,3,2,2
1642,2,2,2,2
1643,3,2,3,3
1644,3,3,3,3
1645,1,1,1,1
1646,2,3,2,3
1647,3,3,4,3
1648,2,2,3,2
1649,2,3,3,3
1650,2,2,3,3
1651,2,2,2,2
1652,3,3,3,3
1653,3,3,3,2
1654,4,3,2,2
1655,3,4,3,4
1656,3,3,3,3
1657,4,3,4,4
1658,3,1,4,3
1659,3,3,3,2
1660,3,2,3,2
1661,2,2,2,2
1662,3,2,3,3
1663,3,2,3,2
1664,2,1,2,1
1665,2,2,3,2
1666,2,2,3,2
1667,3,3,2,3
1668,1,2,2,2
1669,2,2,3,2
1670,3,3,3,2
1671,3,2,2,3
1672,2,4,3,3
1673,2,2,2,1
1674,2,1,1,1
1675,3,3,2,2
1676,2,2,2,1
1677,2,2,2,2
1678,3,3,3,3
1679,3,4,3,2
1680,1,1,1,1
1681,0,1,0,0
1682,2,2,3,2
1683,3,2,3,2
1684,3,3,3,3
1685,3,3,2,2
1686,4,2,3,4
1687,3,2,1,2
1688,1,1,2,1
1689,3,2,2,2
1690,4,2,3,3
1691,2,3,3,3
1692,3,4,3,4
1693,3,3,3,2
1694,3,3,2,3
1695,1,1,0,1
1696,2,3,2,1
1697,3,2,3,2
1698,3,1,2,2
1699,3,2,3,3
1700,3,3,4,4
1701,3,2,3,3
1702,3,3,4,3
1703,3,4,3,3
1704,2,2,2,2
1705,4,3,4,3
1706,1,1,1,1
1707,4,3,4,4
1708,4,4,3,4
1709,3,3,3,4
1710,3,2,3,3
1711,3,3,3,3
1712,4,2,3,4
1713,3,2,2,3
1714,4,2,4,3
1715,3,3,3,2
1716,3,2,2,2
1717,2,3,2,3
1718,3,3,3,4
1719,3,2,3,2
1720,3,3,3,3
1721,3,2,4,4
1722,3,2,3,3
1723,4,3,4,4
1724,2,3,3,2
1725,3,2,3,3
1726,3,3,3,3
1727,3,4,3,3
1728,3,3,4,4
1729,3,2,3,3
1730,3,2,3,3
1731,4,3,4,3
1732,3,3,3,3
1733,2,2,2,2
1734,3,3,2,3
1735,2,3,2,2
1736,2,2,3,2
1737,3,2,2,2
1738,3,3,3,3
1739,0,0,0,1
1740,1,0,1,1
1741,3,3,3,4
1742,4,3,5,5
1743,4,4,3,4
1744,3,3,3,3
1745,3,3,3,3
1746,4,3,3,3
1747,2,3,3,3
1748,3,2,4,3
1749,4,3,4,4
1750,3,3,3,3
1751,3,3,3,3
1752,3,2,2,3
1753,0,0,1,1
1754,2,2,2,2
1755,3,3,3,3
1756,3,2,3,3
1757,3,2,2,2
1758,1,1,1,1
1759,1,2,2,2
1760,2,2,2,1
1761,3,3,3,3
1762,3,2,3,3
1763,4,4,4,3
1764,2,1,2,2
1765,4,3,3,4
1766,4,2,4,4
1767,1,2,2,1
1768,3,2,3,3
1769,3,2,2,3
1770,3,3,3,3
1771,2,3,2,3
1772,3,3,2,3
1773,0,0,0,0
1774,4,3,4,4
1775,3,2,3,3
1776,5,4,4,5
1777,4,3,4,4
1778,3,3,3,3
1779,3,2,3,3
1780,3,3,3,3
1781,4,2,2,4
1782,3,3,2,3
1783,3,2,3,3
1784,2,2,1,2
1785,3,3,3,3
1786,3,3,3,2
1787,4,2,4,3
1788,4,3,4,4
1789,4,4,4,4
1790,3,3,2,3
1791,3,2,2,4
1792,4,3,4,4
1793,3,3,3,3
1794,3,3,3,3
1795,2,2,2,2
1796,2,2,2,2
1797,3,2,3,3
1798,1,0,1,1
1799,3,2,3,3
1800,4,3,4,4
